INSERT INTO public."Medicine" ("Medicine_ID", "Medicine_Name", "Medicine_Pricing", "Medicine_Amount")
VALUES
    ('1e6729b7-6a50-4f92-9b8e-285bfde2e3ca', 'Aspirin', '$50.00', 10),
    ('4a6c887e-9876-4e4c-9e9b-d6e285ce9325', 'Ibuprofen', '$70.00', 10),
    ('b23f3e2c-5a2d-4d4b-9e7e-fcfcba45d788', 'Acetaminophen', '$60.00', 10),
    ('5e9d9e36-9386-4a7f-af50-c83c48a9837a', 'Lipitor', '$120.00', 10),
    ('a108234a-94a2-4d60-93e2-15f91f7e22f3', 'Zyrtec', '$90.00', 10),
    ('ef2a4cd8-9bb7-44b3-8c4d-7a5977e4817c', 'Nexium', '$150.00', 10),
    ('d92a7b5a-746c-4148-a7a3-6b6b3723ae85', 'Ventolin', '$80.00', 10),
    ('f8a28635-9c0e-4717-bdf3-8a5b8ebd4d72', 'Advil', '$60.00', 10),
    ('b8e08ff6-d88c-4e82-9e53-2ee8eaa79547', 'Prozac', '$100.00', 10),
    ('f598e688-9b7b-4fb3-af3a-7220c0a66989', 'Crestor', '$130.00', 10);

INSERT INTO public."Address" ("Address_ID", "Address_Street", "Address_HNr", "Place_Postal_Code")
VALUES
    ('7e2e07b2-1f97-4f5a-a22f-01d85f6ed710', 'Example Street', '10a', '10115'),
    ('3a5b11a3-dc6f-488e-8ebe-65a485b8777f', 'Sample Avenue', '5b', '10785'),
    ('e81f6f71-0137-446a-a3e1-77f42e123c14', 'Test Road', '7', '12047'),
    ('b7e59a9c-0f5f-4d1b-9a21-9b22c6c5291a', 'Demo Lane', '2', '14059'),
    ('294d52f4-b212-4b8d-97c2-2e3fb15a36ae', 'Trial Boulevard', '12', '22083');

INSERT INTO public."Patient" ("Patient_ID", "Patient_Name", "Patient_Forename", "Patient_Sex", "Patient_Birthdate", "Address_ID")
VALUES 
  ('c7a5f5e0-9a84-4f48-90b7-6f6fe29e135a', 'Doe', 'John', 'M', '1990-01-01', '7e2e07b2-1f97-4f5a-a22f-01d85f6ed710'),
  ('b171d98e-9372-49cd-9f4b-d82dc00e0e61', 'Smith', 'Jane', 'F', '1985-03-15', '3a5b11a3-dc6f-488e-8ebe-65a485b8777f'),
  ('d57b2a6d-7da9-44c6-a2c1-59811b77b1d3', 'Johnson', 'Michael', 'M', '1978-08-22', 'e81f6f71-0137-446a-a3e1-77f42e123c14'),
  ('f3a70776-574b-4399-93f2-52b036e78a2a', 'Williams', 'Emily', 'F', '1995-11-10', 'b7e59a9c-0f5f-4d1b-9a21-9b22c6c5291a'),
  ('83b54769-03f9-49d5-9ccf-1e1593ae2428', 'Anderson', 'Robert', 'M', '1982-06-05', '294d52f4-b212-4b8d-97c2-2e3fb15a36ae');


INSERT INTO public."Employee" ("Employee_ID", "Employee_Name", "Employee_Forename", "Employee_Birthdate", "Employee_Salary", "Employee_Role")
VALUES 
  ('bfe9ad49-eb64-4656-a5fa-0e0247810db1', 'Phillips', 'Amy', '1995-04-13', '$3327.57', 'Nurse'),
  ('2d3fe77f-f7bf-4578-bc92-749e14ff3379', 'Cross', 'Jeffery', '1991-09-07', '$3904.70', 'Nurse'),
  ('7a528f9d-ba97-4166-90b6-1c354915e2c2', 'Williams', 'Tiffany', '1990-11-05', '$9064.13', 'Doctor'),
  ('71536415-6b83-4594-b899-19303fb378d8', 'Blackwell', 'Tammy', '1973-04-07', '$7418.58', 'Doctor'),
  ('5f1b5f6e-ea49-406f-a5ec-3e0a67068685', 'Sullivan', 'Kimberly', '1998-02-18', '$9465.67', 'Doctor'),
  ('73fdf819-60e5-4d9e-838d-b2d11a009f0c', 'Dunn', 'Danielle', '1960-10-10', '$3095.06', 'Nurse'),
  ('e2749763-a41c-43a8-b3ed-3a1c9f6e2d44', 'Gutierrez', 'Drew', '1996-07-06', '$4777.86', 'Nurse'),
  ('9e6a61a1-2a86-44e2-a57c-dd5329dbfe0b', 'Clark', 'Jeffrey', '1983-03-19', '$3313.46', 'Nurse'),
  ('380164a7-52fd-40b4-9338-d86d21377e81', 'Anderson', 'Mark', '1953-02-08', '$3581.54', 'Nurse'),
  ('18225c7a-e72d-4937-95a6-3af315d3cb15', 'Yates', 'Brenda', '1954-10-28', '$4037.31', 'Nurse'),
  ('4d486338-bdb2-4d20-b11c-ef5bf89ef35d', 'Coleman', 'Gabrielle', '1964-11-15', '$4704.17', 'Nurse'),
  ('3f18cd22-7bc8-417e-ab22-25ea29010de0', 'Baker', 'Nathaniel', '1995-08-05', '$3084.30', 'Nurse'),
  ('661696a7-1b8e-4154-811a-0d89a4bc432c', 'Howe', 'Kendra', '1969-11-15', '$4718.55', 'Nurse'),
  ('e845018a-fce0-4441-ba53-8648a2d161cf', 'Buck', 'Alexander', '1974-06-13', '$4600.19', 'Nurse'),
  ('5adcef2f-b8ca-4a07-bdb0-9e6309dd5fe5', 'Haney', 'Katherine', '1960-09-13', '$4029.93', 'Nurse'),
  ('c4744842-9488-4a6c-92a1-eaceeb099c18', 'Esparza', 'Michael', '1968-10-24', '$3701.86', 'Nurse'),
  ('fe944b22-2733-4b18-aa52-46433b6fc374', 'Phillips', 'James', '1958-09-18', '$3647.90', 'Nurse'),
  ('5f117914-8aeb-406e-9ef3-9ab395723143', 'Spence', 'Grant', '1978-12-22', '$4234.76', 'Nurse'),
  ('c35f26b5-f5bd-413a-b7c3-a669aaf9f867', 'Elliott', 'Rachel', '1976-08-09', '$3965.67', 'Nurse'),
  ('2374cfe3-10e8-447f-9870-beba42bfe8fd', 'Medina', 'Terry', '2001-06-05', '$4974.22', 'Nurse'),
  ('fe55e155-e28b-463a-a4fd-3bd1a29e6414', 'Graves', 'Robert', '1974-12-03', '$4698.04', 'Nurse'),
  ('858a1ff8-5763-4f6a-be8e-51de14208f12', 'Burns', 'David', '1990-12-07', '$4210.13', 'Nurse'),
  ('4ab11999-a660-45dc-9b9d-766211be2870', 'Smith', 'Katherine', '2001-11-11', '$4061.01', 'Nurse'),
  ('85e74a0a-1dde-4089-a34b-d88611f509ae', 'Franklin', 'Brittany', '1965-03-01', '$3090.25', 'Nurse'),
  ('6e7d7433-f216-4824-9bd5-186a49285ae5', 'Taylor', 'Daniel', '1979-06-09', '$4335.88', 'Nurse'),
  ('9bd254f9-ef41-4414-96fa-78af8fe0b821', 'Finley', 'Amy', '1958-07-18', '$4676.52', 'Nurse'),
  ('8886f2bd-69ba-4f6c-8abc-0fd308e0abfa', 'Fernandez', 'Derrick', '1952-12-11', '$4202.25', 'Nurse'),
  ('543bd5ba-6a4a-498a-a2f0-c73e925904e1', 'Nguyen', 'Anthony', '1984-01-15', '$3338.48', 'Nurse'),
  ('ea89d92c-aca4-45af-9461-3b3c714026f0', 'Stevenson', 'Amber', '2002-03-18', '$11441.83', 'Doctor'),
  ('ac23ab22-5dce-48a7-a59c-6fd98b443cbe', 'Owens', 'Mitchell', '1973-07-19', '$7050.95', 'Doctor'),
  ('f55f08b4-93f9-4471-90a9-0cc5c7b590fe', 'Kennedy', 'John', '1997-03-13', '$4489.40', 'Nurse'),
  ('ca90c9d5-219e-4cc8-abae-5c525df3ed1e', 'Charles', 'Carol', '1999-09-16', '$7523.20', 'Doctor'),
  ('6655f357-bb40-4329-b5bd-0710a4723c39', 'Grant', 'Robert', '2000-08-26', '$6683.77', 'Doctor'),
  ('0226a718-be0a-4d54-8586-5dab628c2194', 'Taylor', 'Hailey', '1972-03-02', '$3975.56', 'Nurse'),
  ('ba335216-f90a-4553-b768-ad888a9c17ae', 'Nicholson', 'Matthew', '1976-09-13', '$6604.07', 'Doctor'),
  ('77ede44d-89c2-40b2-ade9-8211904aeb1b', 'Lane', 'Andre', '1964-11-10', '$3606.43', 'Nurse'),
  ('3783046c-4779-4684-bd12-e26e54fc62c1', 'Singleton', 'Joanna', '1955-04-05', '$4013.72', 'Nurse'),
  ('7b60be35-b89a-47c6-adeb-c93c55ef89a4', 'Adams', 'Sarah', '1990-06-19', '$10031.01', 'Doctor'),
  ('cb18340e-2bc3-4ec8-87df-f45c0b89afd2', 'Gaines', 'Amy', '1951-03-04', '$3658.00', 'Nurse'),
  ('d68532e1-7030-499c-b1df-8ac76a6f92cd', 'Lowe', 'Melissa', '1974-01-26', '$11017.32', 'Doctor'),
  ('382de63f-5d99-47b4-b12d-5d23a3e24dd9', 'Howard', 'Tiffany', '1979-10-05', '$6788.10', 'Doctor'),
  ('47e0854e-fef1-4880-ae0c-5c04dc3ca8a5', 'Andrade', 'Eric', '1982-03-30', '$4286.73', 'Nurse'),
  ('05b7c40d-39bd-46ca-85bf-117d75bfe6ae', 'Salas', 'Cindy', '1973-02-20', '$4945.72', 'Nurse'),
  ('8af1f0c5-0a24-4bed-92cd-08af45014e6b', 'Lee', 'Daniel', '1960-01-16', '$3149.49', 'Nurse'),
  ('8c85d81b-75e7-460c-9cb5-220afbdfbd80', 'Riley', 'Tammy', '1985-10-12', '$4257.57', 'Nurse'),
  ('a83aff97-03db-4714-9024-30268c99474f', 'Hernandez', 'Eric', '1983-02-05', '$11220.60', 'Doctor'),
  ('f1533062-48b0-421c-a448-d792996aff80', 'Hodges', 'John', '1961-01-26', '$3740.45', 'Nurse'),
  ('bdac2f7e-8b6d-496a-a386-23ff899a2f9d', 'Weber', 'Edward', '1988-08-18', '$10562.83', 'Doctor'),
  ('145ce2ff-2f76-46f8-96be-22f1054027cc', 'Wright', 'Russell', '1952-05-08', '$11945.25', 'Doctor'),
  ('a314614a-1b12-47b2-9b73-d9c000e8c494', 'Robertson', 'Todd', '1995-05-02', '$3125.40', 'Nurse'),
  ('25803a28-4cf4-40e1-9c94-2d4543ca80ac', 'Watts', 'Melissa', '1954-06-20', '$4979.23', 'Nurse'),
  ('5b722e70-d610-4791-8af5-4c3cb5b29815', 'Harris', 'Jennifer', '1965-08-15', '$10708.67', 'Doctor'),
  ('72173030-b0b2-406e-9d9c-5b6a176f1899', 'Powers', 'Cheryl', '1968-05-16', '$4915.52', 'Nurse'),
  ('a61072d9-5b7f-4d0f-bed9-55a8121d82f0', 'Arnold', 'Glenn', '1988-06-16', '$4842.16', 'Nurse'),
  ('bff52674-0bf4-4d18-9d41-57b6640b77e7', 'Riley', 'Willie', '2001-04-27', '$4365.34', 'Nurse'),
  ('ce0c4517-3306-4693-9131-2bed02dbb591', 'Miller', 'Carl', '2000-11-23', '$11524.31', 'Doctor'),
  ('38a0aeb5-0584-4f3a-9e20-3c8e9a390c53', 'Bruce', 'James', '1996-11-16', '$4762.72', 'Nurse'),
  ('1c612856-7e63-41aa-987e-530e3b58495b', 'Wilkinson', 'Frank', '1994-10-03', '$4631.88', 'Nurse'),
  ('e3612cbb-8510-409e-8bba-2f4d65735d7c', 'Barnett', 'Donna', '1966-11-27', '$3547.69', 'Nurse'),
  ('56cac60f-2ce5-4950-b8b8-4aeec3942714', 'Huber', 'Nancy', '1951-08-30', '$4062.55', 'Nurse'),
  ('49a18f52-92b3-4ff2-bd5b-bdbae3842293', 'Snyder', 'Lisa', '1978-12-17', '$3782.46', 'Nurse'),
  ('bc8dd212-22a3-49a0-a803-16f16d38195a', 'Glass', 'Belinda', '1995-07-25', '$3065.09', 'Nurse'),
  ('ad7eb9f1-9108-4c19-86ef-f30c21b934ae', 'Tran', 'Ashley', '1965-09-28', '$3931.60', 'Nurse'),
  ('2a9b6c38-0c17-4664-be4e-e9e6d9810115', 'Dorsey', 'Benjamin', '1963-08-30', '$3883.80', 'Nurse'),
  ('85c9509b-ca2f-4b06-b29e-fdab449a202f', 'Anderson', 'Ashley', '1995-12-10', '$3814.67', 'Nurse'),
  ('8b2ff085-729a-4914-9ef7-7a08a9ff1a87', 'Guzman', 'Michael', '1976-07-14', '$6220.58', 'Doctor'),
  ('b046303a-8f74-491d-a379-eaf291896f26', 'Smith', 'Xavier', '1957-08-06', '$4103.70', 'Nurse'),
  ('b82bd28c-a6a5-442a-8c6e-7827003ef5e7', 'Garcia', 'Robert', '1963-09-20', '$3229.52', 'Nurse'),
  ('20e6c602-b7b5-498a-8f59-ccdf084576f6', 'Stone', 'Jerry', '1952-08-06', '$11504.89', 'Doctor'),
  ('012a78eb-6693-4ef5-ba39-e9a1fd824039', 'Wiley', 'Nicole', '1974-12-13', '$3834.02', 'Nurse'),
  ('59ca13f5-281c-48b0-b92e-fb8595c0ea87', 'Santos', 'Katherine', '1971-12-14', '$8751.89', 'Doctor'),
  ('9b9c0bc1-a58a-48ae-9734-9edf24f252ea', 'Johnson', 'Felicia', '1996-08-20', '$4684.69', 'Nurse'),
  ('8233421e-bcea-4872-a04b-a525b65294fc', 'Franco', 'Destiny', '2002-12-30', '$4263.47', 'Nurse'),
  ('446eaf5a-9949-4d43-b722-100bb921c8dc', 'Christensen', 'David', '1956-05-13', '$4665.02', 'Nurse'),
  ('2a5d2910-90e9-40b1-8587-f332b9e7a9df', 'Hart', 'Jonathan', '1951-01-04', '$4131.40', 'Nurse'),
  ('a3e8e438-ae03-4ca5-8cf0-733f9913dffc', 'Shaw', 'Leah', '1998-07-11', '$3345.90', 'Nurse'),
  ('d3c61f9a-90ba-4490-8933-cdc8ffd02a2f', 'Trujillo', 'Sarah', '1972-05-27', '$4968.89', 'Nurse'),
  ('6ceab981-026d-44c2-8040-47615fad1ae3', 'Porter', 'Laura', '1988-09-21', '$3351.54', 'Nurse'),
  ('f530b0c8-c449-4934-b7e0-26ac85197cd5', 'Harris', 'Eric', '1967-02-02', '$3647.76', 'Nurse'),
  ('89d7322e-d20b-4eed-b28e-b1f832439e26', 'Fox', 'Cheryl', '2003-10-07', '$6493.12', 'Doctor'),
  ('2954a6a3-afa7-4784-9632-007b9cce608e', 'Mullins', 'Antonio', '1991-01-05', '$9445.38', 'Doctor'),
  ('3d712719-28b9-4881-ad62-06defacbab59', 'Wolf', 'Todd', '1994-04-29', '$3226.03', 'Nurse'),
  ('3a832612-481c-42ed-88cd-f26221fafeaa', 'Gibson', 'Leah', '1964-06-08', '$4465.42', 'Nurse'),
  ('0b0b043f-6a0b-48dd-a0da-d411e88e1c1b', 'Morales', 'Jeanette', '1985-04-25', '$4948.58', 'Nurse'),
  ('122bbc22-c398-4848-bd4d-0b65720a049b', 'Thomas', 'Linda', '1958-08-21', '$4212.11', 'Nurse'),
  ('effc5ce9-5d12-4b04-86e0-aef604fa6527', 'Gallagher', 'Gregory', '1958-02-24', '$7607.85', 'Doctor'),
  ('e71776ef-f9c7-4dae-aad9-621828aedcf4', 'Snyder', 'Tanya', '1990-07-12', '$4436.77', 'Nurse'),
  ('81e9a2b2-fc6c-4d89-a66a-93d20f1e1338', 'Smith', 'Jasmine', '1985-02-18', '$3536.99', 'Nurse'),
  ('64dac83e-b016-4e0f-bc9d-48561c9bba0e', 'Berry', 'Martin', '1992-01-30', '$11587.42', 'Doctor'),
  ('c855931e-1d17-41cb-b166-93d79d009f99', 'Diaz', 'Daniel', '1983-09-26', '$4207.77', 'Nurse'),
  ('747b6143-5239-405c-b1b0-f39cfeb763d2', 'Thompson', 'John', '1996-06-25', '$3056.53', 'Nurse'),
  ('48ad0939-5e13-4ca0-a33d-604eb3fae7fb', 'Hayes', 'Natalie', '1950-11-11', '$3096.65', 'Nurse'),
  ('8be102f8-42c1-403b-bca5-6faee47d9aed', 'Stewart', 'Dylan', '2001-02-05', '$7741.78', 'Doctor'),
  ('f01d421c-c9e1-48b3-b1cd-5b211092b4ff', 'Ryan', 'Larry', '1951-05-11', '$6355.40', 'Doctor'),
  ('e4444886-276a-4207-8453-7690a25d6cfa', 'Norris', 'Kyle', '1996-01-26', '$4470.78', 'Nurse'),
  ('87a4ad73-c707-4615-a908-c68da6333320', 'Ward', 'Eric', '1999-07-02', '$11306.09', 'Doctor'),
  ('c19aa33f-e9f5-40b5-bac2-03da033d7e0d', 'Chen', 'Austin', '1989-09-21', '$4519.27', 'Nurse'),
  ('3ef28876-9b2e-41e2-9d27-349d40719749', 'Morales', 'Andrea', '1953-04-17', '$3627.49', 'Nurse'),
  ('682f7ac7-e7ee-4aed-8094-bf68b2b17e17', 'Rodriguez', 'Jessica', '1998-10-19', '$4195.33', 'Nurse'),
  ('390d0148-bf9b-4bed-9958-8af33daab523', 'Brewer', 'Daniel', '1998-10-07', '$4358.52', 'Nurse'),
  ('85b74f7b-7341-4b61-a12e-f35f5fcca113', 'Hamilton', 'Angela', '1953-04-30', '$3426.70', 'Nurse'),
  ('b6f9ab99-0781-4578-be95-c39a75b79275', 'Cole', 'Seth', '1960-12-25', '$4084.84', 'Nurse'),
  ('37d67552-efa4-4779-ad7e-be7d54ac4764', 'Thomas', 'Michelle', '1965-05-30', '$8887.73', 'Doctor'),
  ('cbeb6404-fe1b-4d57-b04b-f771381a6d87', 'Jackson', 'James', '1998-07-21', '$4262.08', 'Nurse'),
  ('e0431a1d-da73-4046-b899-18eb1f8af6dc', 'Peterson', 'Christy', '1991-09-05', '$10295.91', 'Doctor'),
  ('d5752813-6f1d-493b-a3e4-e33940d8a6db', 'Hurley', 'Dawn', '1970-01-13', '$3208.86', 'Nurse'),
  ('e4bb71c6-384b-4f98-9c21-fad62c258b73', 'Smith', 'Brittany', '1951-12-07', '$4681.52', 'Nurse'),
  ('df8155e6-9cf9-4a79-8811-459b55804565', 'Newton', 'Paige', '1953-01-01', '$3156.46', 'Nurse'),
  ('32dd6009-b695-4453-8e25-226b587b355b', 'Allen', 'Kenneth', '1975-08-29', '$3270.65', 'Nurse'),
  ('f042a732-155e-49fb-86d0-33f5d7ae5042', 'Scott', 'Kurt', '1972-01-10', '$10995.39', 'Doctor'),
  ('4f0fc7f7-e094-4c39-b26a-4c345fca238f', 'Parker', 'Arthur', '1996-08-02', '$4528.77', 'Nurse'),
  ('6a22590d-bf38-4064-881f-c1899759b1d1', 'Sparks', 'Thomas', '1964-01-23', '$4665.59', 'Nurse'),
  ('9f44b84b-18dc-4a9f-acbc-dac4fe95e661', 'Harris', 'Jeffrey', '1977-12-21', '$4186.69', 'Nurse'),
  ('abeb90a5-d468-4dd6-bf0b-dae89cc44ac9', 'Walter', 'Erika', '1964-07-30', '$4074.89', 'Nurse'),
  ('092594cb-af48-4e80-a517-80e36da9725c', 'Thompson', 'Lisa', '1990-06-04', '$3452.98', 'Nurse'),
  ('62830e7c-2c49-4134-a643-f9b5a2fe9e48', 'Turner', 'Angela', '1990-06-19', '$3413.26', 'Nurse'),
  ('bdfc5fc0-c1d2-4a32-8133-f3570bd6f97e', 'Baker', 'Heather', '1953-05-30', '$4413.35', 'Nurse'),
  ('fa1c70d5-5c64-4e61-b979-2571bf48cb0b', 'Jimenez', 'Andrew', '1955-02-13', '$4932.86', 'Nurse'),
  ('b57dbbd8-f013-4e02-8f5b-12745345a48c', 'Nguyen', 'Gary', '1993-01-16', '$3144.76', 'Nurse'),
  ('53358970-a934-4218-a4e7-753d645f7fd6', 'Perez', 'Wanda', '1963-07-01', '$3857.14', 'Nurse'),
  ('5658cb71-1827-4564-a33a-718efa27af9c', 'Jones', 'Veronica', '1976-03-29', '$3909.83', 'Nurse'),
  ('ce883b94-104e-44ab-a4ee-ea6abb08054c', 'Myers', 'Thomas', '1953-11-10', '$7620.93', 'Doctor'),
  ('4572e7e0-ee70-4c00-97d3-a5c8becee5f0', 'Warren', 'Emily', '1965-04-03', '$10119.73', 'Doctor'),
  ('3084e295-7f25-4115-85c8-6c445c643142', 'Martinez', 'Amy', '1996-10-01', '$4670.48', 'Nurse'),
  ('664b30e9-a151-42a6-9840-b5eb703ebd5a', 'Gonzalez', 'Sara', '1998-07-22', '$3977.80', 'Nurse'),
  ('863551f9-caaa-4126-bd50-258f87f9b7e4', 'Beck', 'Kathryn', '2004-07-07', '$3863.10', 'Nurse'),
  ('340c00f7-4288-4c75-8de3-8d90fdb686ed', 'Smith', 'Jeffrey', '1957-11-11', '$9688.09', 'Doctor'),
  ('901013ed-7897-435b-8eee-8cd635565a9b', 'Evans', 'Stephanie', '1992-04-02', '$4481.59', 'Nurse'),
  ('b1cbf816-b7a4-4b30-b7e9-b91cf247156d', 'Palmer', 'Neil', '1985-10-14', '$3971.38', 'Nurse'),
  ('1086783a-bfba-4dc9-8199-3457d52390bd', 'Morris', 'Nancy', '2002-05-06', '$3457.30', 'Nurse'),
  ('aebbc55f-5bf3-4d5d-94e6-d4c31d587b1e', 'Li', 'Stephanie', '1975-07-21', '$6536.78', 'Doctor'),
  ('c6707762-6e68-4629-9c2f-af2881266610', 'Potter', 'Christopher', '2002-01-31', '$8834.84', 'Doctor'),
  ('dbd9a78d-9186-4455-b1b5-dce46029e8a4', 'Bowman', 'Kevin', '1987-04-21', '$4719.77', 'Nurse'),
  ('a2217fb5-a3a4-4166-a12a-f502d869bb87', 'Harris', 'Renee', '1975-02-01', '$4083.01', 'Nurse'),
  ('f9a6e0be-125c-4801-af3d-5e6ccc9982f7', 'Parker', 'Annette', '1986-01-21', '$11688.31', 'Doctor'),
  ('7893ab93-59f8-4c08-b993-dcb749282a21', 'Austin', 'Jasmin', '1974-07-11', '$4402.83', 'Nurse'),
  ('af46da98-b850-477f-b180-616c27b7ea39', 'Reyes', 'Taylor', '1976-02-02', '$11914.92', 'Doctor'),
  ('e6d1d4ca-39a7-4011-afd0-6ffad1992365', 'Rice', 'Douglas', '1997-05-11', '$3384.20', 'Nurse'),
  ('c8738a08-a960-44fc-a374-6984baea90a9', 'Horne', 'Cheryl', '2005-11-28', '$4324.86', 'Nurse'),
  ('02fbab19-fe32-40a2-b481-5b1327a5b30e', 'Rice', 'Cynthia', '1993-06-06', '$4943.69', 'Nurse'),
  ('5cff7182-15c8-4b3e-8abe-30c9228f8846', 'Hughes', 'Daniel', '1970-03-03', '$4370.69', 'Nurse'),
  ('8f4215b6-9b41-43ca-bb2a-643d89c987c9', 'Hernandez', 'Gregory', '1996-01-03', '$3829.92', 'Nurse'),
  ('f10aaf77-43d5-4cd5-b05f-dbe0e586af63', 'Montgomery', 'Adam', '1999-12-20', '$10382.82', 'Doctor'),
  ('2d8e2acc-8eb7-4043-936f-2f7e4d6a568a', 'Greer', 'Kim', '2000-10-09', '$3270.68', 'Nurse'),
  ('e873efb9-92e5-4df7-affb-843f69171042', 'Cruz', 'Wesley', '1968-09-02', '$7093.19', 'Doctor'),
  ('31c12bc6-f24d-460c-b8ca-a0c662b4ed5f', 'Lopez', 'Ashley', '1969-09-24', '$3506.88', 'Nurse'),
  ('228fccce-6092-42ec-bcdb-cc038abf840a', 'Russell', 'Jonathan', '1983-07-27', '$4731.64', 'Nurse'),
  ('4d1d8778-f9ce-46a0-a3c6-8cb50e5aa613', 'Fry', 'Jack', '1989-04-15', '$4689.94', 'Nurse'),
  ('88fca7e1-018d-4a1d-bb1e-8377b6ba71f1', 'Foster', 'Angela', '1984-03-24', '$3412.96', 'Nurse'),
  ('6eb35586-cd00-476f-bf38-09d0e1ef6b31', 'Dougherty', 'April', '1986-05-27', '$4271.47', 'Nurse'),
  ('a076d6ab-7dad-4470-a6ba-f95b21fc989d', 'Cruz', 'Keith', '1959-01-27', '$3285.27', 'Nurse'),
  ('d15fe033-0b37-4f95-a2ea-4f2e10c54b33', 'Newton', 'Joel', '1999-07-25', '$10245.03', 'Doctor'),
  ('8ab5ce80-ac1e-4210-bae7-e7add808e61b', 'Fernandez', 'Robert', '1952-09-16', '$4318.94', 'Nurse'),
  ('d06adbb3-c678-4017-866c-3f3cc904573c', 'Allison', 'Frank', '1988-01-31', '$8537.36', 'Doctor'),
  ('9e936ba1-2192-45f0-a7dd-eef55c65e1d6', 'Aguilar', 'Patrick', '1997-02-24', '$4792.00', 'Nurse'),
  ('290d20f8-5fa0-481b-a3d7-ee0c88496774', 'Hernandez', 'Dean', '1960-12-02', '$10635.16', 'Doctor'),
  ('fe335650-2738-4342-86eb-1007896f3cdb', 'Stevens', 'Jason', '1953-03-14', '$10665.47', 'Doctor'),
  ('29027a15-b6e1-467e-b783-f30a72ba76ac', 'Clark', 'Michael', '1957-01-18', '$8612.46', 'Doctor'),
  ('23480bc3-fa82-4b58-a596-1f91141daa00', 'Padilla', 'William', '1999-04-25', '$4505.29', 'Nurse'),
  ('d3614a34-170b-4a65-a2af-1804b944b164', 'Johnson', 'Kimberly', '1973-09-20', '$3278.43', 'Nurse'),
  ('f17abe69-9f08-4d1e-809f-6b5e22b26839', 'Ho', 'Sean', '1972-08-10', '$9539.55', 'Doctor'),
  ('04ac7636-4d54-4678-9ac7-73ed4e3b2f5b', 'Knox', 'Amy', '1959-12-16', '$4872.36', 'Nurse'),
  ('5f82ac13-9c65-46dd-92a1-0127823a6f9d', 'Wood', 'Regina', '2000-01-10', '$11975.12', 'Doctor'),
  ('dea1ff6d-d150-4f16-b33f-c3f52fcd37a4', 'Rodriguez', 'Thomas', '2004-04-03', '$3579.40', 'Nurse'),
  ('9ccc041b-cf15-49c2-b49b-2879836c3dfe', 'Miller', 'Nicole', '1962-11-17', '$4607.91', 'Nurse'),
  ('09e22a44-b29a-4125-8ace-08a52d32bb9f', 'Romero', 'Lauren', '1965-06-24', '$4466.14', 'Nurse'),
  ('e47b971e-3bd8-4728-b2a1-aeadf53eb721', 'Scott', 'Daniel', '1998-06-01', '$11759.19', 'Doctor'),
  ('5ecb1db4-f28f-49fe-81af-19cee1bd8fc7', 'Hayes', 'Tanya', '1955-02-26', '$7388.90', 'Doctor'),
  ('86839328-9f02-4011-a117-2dc16ca907c9', 'Leon', 'Andre', '1963-03-23', '$3665.68', 'Nurse'),
  ('8f326e07-c1ab-4d74-877d-31bb591e9b35', 'Calderon', 'Michael', '2005-08-06', '$4574.97', 'Nurse'),
  ('7a69bc33-0775-4813-a288-35405381daa1', 'Wright', 'Ashley', '1971-09-28', '$10950.19', 'Doctor'),
  ('264fbbc4-52d5-404b-9309-08d70c9606f2', 'Holt', 'Stephanie', '1950-10-21', '$3956.01', 'Nurse'),
  ('f47e13e2-1518-464b-8795-5e4b88d00afe', 'Cox', 'Joshua', '2002-05-02', '$4429.67', 'Nurse'),
  ('995380f5-b309-4ef3-9106-0d29c4fc58c1', 'Rogers', 'Billy', '1996-05-18', '$4998.12', 'Nurse'),
  ('021c2390-e1ad-4ca8-9ebc-763d564e1937', 'Allen', 'Christopher', '1950-06-27', '$4182.09', 'Nurse'),
  ('a544206a-661f-4eea-a5dd-decef4fb0f4c', 'Huynh', 'Margaret', '1998-07-14', '$8893.73', 'Doctor'),
  ('087cef32-1a83-4f41-8625-444113db2fd9', 'Martinez', 'Michelle', '1990-07-11', '$3614.78', 'Nurse'),
  ('23ab3c04-5629-4134-a302-5159150277f6', 'Snyder', 'Chelsea', '1955-03-03', '$3895.62', 'Nurse'),
  ('bcb22740-4afe-4261-af64-12495929d308', 'Morris', 'Robert', '1953-05-19', '$3486.66', 'Nurse'),
  ('8ca5ba3c-dbff-410d-9409-b454e390e814', 'Mcdonald', 'Laurie', '1970-08-12', '$3702.49', 'Nurse'),
  ('284b0f78-9ec3-446d-8145-154bc3e56ad1', 'Young', 'Todd', '2005-10-22', '$6611.04', 'Doctor'),
  ('838ce63a-c038-465d-af17-04077910948e', 'Johnston', 'Jason', '1962-09-09', '$4372.93', 'Nurse'),
  ('0ff621f0-79a2-494a-a7a3-f969ea07b00b', 'Santana', 'Angela', '1961-02-15', '$4405.39', 'Nurse'),
  ('3a2b4d5c-5782-451e-9574-ff88ea26db06', 'Gillespie', 'Curtis', '2002-09-28', '$3506.89', 'Nurse'),
  ('9c4c4e50-dde5-43d1-8877-521fd2f03a78', 'Arnold', 'James', '1980-12-26', '$6560.86', 'Doctor'),
  ('2ff75b66-d189-4475-8328-b197b4daf156', 'Larson', 'Yolanda', '1957-10-01', '$4506.92', 'Nurse'),
  ('9d8096d6-8911-4009-aedf-515d096c8204', 'Woods', 'Jasmine', '1955-09-05', '$3622.79', 'Nurse'),
  ('640e2096-c41a-4edf-8621-0de6476cecbe', 'Williams', 'Jordan', '1954-02-25', '$10988.73', 'Doctor'),
  ('29e6ed31-c626-4a90-a499-33f8c820b9a7', 'Lyons', 'James', '1984-08-24', '$3954.37', 'Nurse'),
  ('2c5d1d3a-20bc-4138-9f43-df4f6966d915', 'Cummings', 'Allison', '1984-11-25', '$6820.32', 'Doctor'),
  ('c6ce903d-795d-465c-aae2-b7b390a3f9e3', 'Hernandez', 'Daniel', '2001-03-01', '$6292.45', 'Doctor'),
  ('6f2d3723-4a39-4b20-9ffc-a6905a87ef19', 'Phillips', 'Gail', '1994-11-15', '$4277.97', 'Nurse'),
  ('d5d9f6af-d855-48e6-be07-478c1f4079bb', 'Rangel', 'Roy', '1994-11-21', '$3326.89', 'Nurse'),
  ('022de321-d619-48c7-a122-48f8ff6f243c', 'White', 'Jeremy', '1981-02-19', '$3295.50', 'Nurse'),
  ('00d54ac3-b3b1-494e-a228-4953a344bddd', 'Martinez', 'Scott', '1984-10-06', '$4288.18', 'Nurse'),
  ('f4320f72-0890-4a48-b52d-7849f8ee71a4', 'Casey', 'Jason', '1976-01-28', '$6619.00', 'Doctor'),
  ('71e594ea-79be-4ebc-b23c-84d64e1f8bd5', 'Park', 'Stacie', '1975-10-01', '$3445.19', 'Nurse'),
  ('4abd5294-7a86-4783-9411-7f176028cf05', 'Elliott', 'Jose', '1994-03-18', '$4020.92', 'Nurse'),
  ('c54c4c9b-0786-4238-a256-ce966e402018', 'Alvarez', 'Judith', '1983-11-28', '$4404.33', 'Nurse'),
  ('e1fc6183-0f63-4944-a283-4e6de02c38ce', 'Solis', 'Traci', '1997-12-29', '$7810.27', 'Doctor'),
  ('9761d8ef-1fa3-4526-97fd-5d16caeff714', 'Williams', 'Adam', '2002-09-19', '$4909.68', 'Nurse'),
  ('4c6c38d5-e804-4acf-89bc-6a64131e23ca', 'Brown', 'Ryan', '1967-01-13', '$3638.26', 'Nurse'),
  ('e0a08979-58e2-46d1-bb5f-f6759845cd35', 'Adams', 'Steven', '1997-06-03', '$3405.92', 'Nurse'),
  ('db307af1-fd65-4ac6-a448-a9170c45e0c4', 'Grant', 'Phillip', '1972-09-01', '$7921.99', 'Doctor'),
  ('9b232791-e517-4805-bd06-7fedacf1f661', 'Edwards', 'Kylie', '1998-09-01', '$3441.74', 'Nurse');

INSERT INTO public."Station" ("Station_ID", "Station_Name", "Station_Amount_of_rooms")
VALUES 
    ('43aebc23-7b9f-4f15-a652-4be9e13faa1f', 'Summerbreeze', 10),
    ('9f9ad0c7-09d8-45fb-b293-1e4b1c8c59d5', 'Springvale', 5),
    ('eca57c86-2a61-4e68-84b2-8978c876aad4', 'Autumnwood', 8),
    ('d6e9c3fa-bd9e-4f7d-aac5-968a2c8e0f01', 'Winterhaven', 6),
    ('3f09de30-525f-4ad3-9b8a-fb7f8df515c8', 'Harmony Hills', 7);

INSERT INTO public."Room" ("Room_Nr", "Room_Size", "Room_isFull", "Station_ID", "Room_ID")
VALUES 
    (1, 10, false, '43aebc23-7b9f-4f15-a652-4be9e13faa1f',  '0818ed14-5a2a-4e72-ae68-7ccf8932ef5d'),
    (2, 8, false, '43aebc23-7b9f-4f15-a652-4be9e13faa1f', 'e6429ef2-137b-4dd9-bff3-34b2f9eac074'),
    (1, 5, false, '9f9ad0c7-09d8-45fb-b293-1e4b1c8c59d5', '8d3a5273-62f4-4dcf-b7f2-7b417c9ce3e2'),
    (2, 7, false, '9f9ad0c7-09d8-45fb-b293-1e4b1c8c59d5', '879a9650-180a-4d0b-9bc1-1d4809d8a9e7'),
    (1, 8, false, 'eca57c86-2a61-4e68-84b2-8978c876aad4', '4e97dd25-df64-4321-9b99-1d6c232b2bda'),
    (2, 6, false, 'eca57c86-2a61-4e68-84b2-8978c876aad4', '2e8965d7-3a5d-4bc2-9833-4a4a0da0ef18'),
    (1, 7, false, 'd6e9c3fa-bd9e-4f7d-aac5-968a2c8e0f01', '2b79f559-ff81-4e16-9b89-499a61a98ef6'),
    (2, 5, false, 'd6e9c3fa-bd9e-4f7d-aac5-968a2c8e0f01', '48b5e0c2-92c3-4a43-8c6f-6c6a7b11a20c'),
    (1, 6, false, '3f09de30-525f-4ad3-9b8a-fb7f8df515c8', 'c0c9875d-9a9a-4df3-ba3f-4d21e43e45fc'),
    (2, 9, false, '3f09de30-525f-4ad3-9b8a-fb7f8df515c8', 'f33d3542-b5ff-4d0d-8485-b76e54bcf12b');
